phi,thpq-2,thpq0,thpq2,Ntot,dNtot,A_max 2025,Pb 2025,Pb 2026,A_pred,dA,dA_2026,dA-dA_2026 %
-2.79111111,4000,2222,300,6522,81,0.1,1,0.62,-0.02978,0.01238,0.01997,61.3
-2.09333333,4000,2222,1700,7922,89,0.1,1,0.62,-0.05300,0.01124,0.01812,61.3
-1.39555556,1800,2222,2000,6022,78,0.1,1,0.62,-0.09886,0.01289,0.02078,61.3
-0.69777778,200,2222,4000,6422,80,0.1,1,0.62,-0.07585,0.01248,0.02013,61.3
0,0,2222,4000,6222,79,0.1,1,0.62,0.00000,0.01268,0.02045,0.0
0.69777778,200,2222,4000,6422,80,0.1,1,0.62,0.07585,0.01248,0.02013,61.3
1.39555556,1800,2222,2000,6022,78,0.1,1,0.62,0.09886,0.01289,0.02078,61.3
2.09333333,4000,2222,1700,7922,89,0.1,1,0.62,0.05300,0.01124,0.01812,61.3
2.79111111,4000,2222,300,6522,81,0.1,1,0.62,0.02978,0.01238,0.01997,61.3
