run,target,ebeam,x,Q2,z,thpq,hms_p,hms_th,shms_p,shms_th,run_type
24536,LD2,8.5831,0.25,3.3,0.9,2.0,1.531,29.045,6.538,7.865,PI+SIDIS
24543,LH2,8.5831,0.25,3.3,0.9,2.0,1.531,29.045,6.538,7.865,PI+SIDIS
24545,Dummy,8.5831,0.25,3.3,0.9,2.0,1.531,29.045,6.538,7.865,PI+SIDIS
24547,C,8.5831,0.25,3.3,0.9,2.0,1.531,29.045,6.538,7.865,PI+SIDIS
24550,Cu,8.5831,0.25,3.3,0.9,2.0,1.531,29.045,6.538,7.865,PI+SIDIS
24553,LD2,8.5831,0.25,3.3,0.67,2.0,1.531,29.045,4.868,7.865,PI+SIDIS
24554,LH2,8.5831,0.25,3.3,0.67,2.0,1.531,29.045,4.868,7.865,PI+SIDIS
24555,Dummy,8.5831,0.25,3.3,0.67,2.0,1.531,29.045,4.868,7.865,PI+SIDIS
24556,C,8.5831,0.25,3.3,0.67,2.0,1.531,29.045,4.868,7.865,PI+SIDIS
24557,Cu,8.5831,0.25,3.3,0.67,2.0,1.531,29.045,4.868,7.865,PI+SIDIS
24558,LD2,8.5831,0.25,3.3,0.5,2.0,1.531,29.045,3.632,7.865,PI+SIDIS
24559,LH2,8.5831,0.25,3.3,0.5,2.0,1.531,29.045,3.632,7.865,PI+SIDIS
24560,Dummy,8.5831,0.25,3.3,0.5,2.0,1.531,29.045,3.632,7.865,PI+SIDIS
24561,C,8.5831,0.25,3.3,0.5,2.0,1.531,29.045,3.632,7.865,PI+SIDIS
24562,Cu,8.5831,0.25,3.3,0.5,2.0,1.531,29.045,3.632,7.865,PI+SIDIS
24564,LD2,8.5831,0.25,3.3,0.36,2.0,1.531,29.045,2.615,7.865,PI+SIDIS
24566,LH2,8.5831,0.25,3.3,0.36,2.0,1.531,29.045,2.615,7.865,PI+SIDIS
24567,Dummy,8.5831,0.25,3.3,0.36,2.0,1.531,29.045,2.615,7.865,PI+SIDIS
24568,C,8.5831,0.25,3.3,0.36,2.0,1.531,29.045,2.615,7.865,PI+SIDIS
24569,C,8.5831,0.25,3.3,0.36,2.0,1.531,29.045,2.615,7.865,PI+SIDIS
24570,Cu,8.5831,0.25,3.3,0.36,2.0,1.531,29.045,2.615,7.865,PI+SIDIS
24572,LD2,8.5831,0.25,3.3,0.9,2.0,1.531,29.045,-6.538,7.865,PI-SIDIS
24574,LH2,8.5831,0.25,3.3,0.9,2.0,1.531,29.045,-6.538,7.865,PI-SIDIS
24576,Dummy,8.5831,0.25,3.3,0.9,2.0,1.531,29.045,-6.538,7.865,PI-SIDIS
24578,C,8.5831,0.25,3.3,0.9,2.0,1.531,29.045,-6.538,7.865,PI-SIDIS
24580,Cu,8.5831,0.25,3.3,0.9,2.0,1.531,29.045,-6.538,7.865,PI-SIDIS
24582,Cu,8.5831,0.25,3.3,0.67,2.0,1.531,29.045,-4.868,7.865,PI-SIDIS
24583,LD2,8.5831,0.25,3.3,0.67,2.0,1.531,29.045,-4.868,7.865,PI-SIDIS
24584,LH2,8.5831,0.25,3.3,0.67,2.0,1.531,29.045,-4.868,7.865,PI-SIDIS
24585,Dummy,8.5831,0.25,3.3,0.67,2.0,1.531,29.045,-4.868,7.865,PI-SIDIS
24587,Dummy,8.5831,0.25,3.3,0.67,2.0,1.531,29.045,-4.868,7.865,PI-SIDIS
24588,C,8.5831,0.25,3.3,0.67,2.0,1.531,29.045,-4.868,7.865,PI-SIDIS
24589,C,8.5831,0.25,3.3,0.5,2.0,1.531,29.045,-3.632,7.865,PI-SIDIS
24590,C,8.5831,0.25,3.3,0.5,2.0,1.531,29.045,-3.632,7.865,PI-SIDIS
24591,LD2,8.5831,0.25,3.3,0.5,2.0,1.531,29.045,-3.632,7.865,PI-SIDIS
24592,LD2,8.5831,0.25,3.3,0.5,2.0,1.531,29.045,-3.632,7.865,PI-SIDIS
24593,LH2,8.5831,0.25,3.3,0.5,2.0,1.531,29.045,-3.632,7.865,PI-SIDIS
24594,LH2,8.5831,0.25,3.3,0.5,2.0,1.531,29.045,-3.632,7.865,PI-SIDIS
24595,Dummy,8.5831,0.25,3.3,0.5,2.0,1.531,29.045,-3.632,7.865,PI-SIDIS
24596,Cu,8.5831,0.25,3.3,0.5,2.0,1.531,29.045,-3.632,7.865,PI-SIDIS
24597,Cu,8.5831,0.25,3.3,0.5,2.0,1.531,29.045,-3.632,7.865,PI-SIDIS
24598,LH2,8.5831,0.25,3.3,0.36,2.0,1.531,29.045,-2.615,7.865,PI-SIDIS
24599,LH2,8.5831,0.25,3.3,0.36,2.0,1.531,29.045,-2.615,7.865,PI-SIDIS
24600,Dummy,8.5831,0.25,3.3,0.36,2.0,1.531,29.045,-2.615,7.865,PI-SIDIS
24601,Dummy,8.5831,0.25,3.3,0.5,2.0,1.531,29.045,3.632,7.865,PI+SIDIS
24602,LD2,8.5831,0.25,3.3,0.5,2.0,1.531,29.045,3.632,7.865,PI+SIDIS
24603,LH2,8.5831,0.25,3.3,0.5,2.0,1.531,29.045,3.632,7.865,PI+SIDIS
24604,C,8.5831,0.25,3.3,0.5,2.0,1.531,29.045,3.632,7.865,PI+SIDIS
24605,Cu,8.5831,0.25,3.3,0.5,2.0,1.531,29.045,3.632,7.865,PI+SIDIS
24606,Cu,8.5831,0.25,3.3,0.36,2.0,1.531,29.045,2.615,7.865,PI+SIDIS
24607,C,8.5831,0.25,3.3,0.36,2.0,1.531,29.045,2.615,7.865,PI+SIDIS
24608,Dummy,8.5831,0.25,3.3,0.36,2.0,1.531,29.045,2.615,7.865,PI+SIDIS
24609,LH2,8.5831,0.25,3.3,0.36,2.0,1.531,29.045,2.615,7.865,PI+SIDIS
24610,LD2,8.5831,0.25,3.3,0.36,2.0,1.531,29.045,2.615,7.865,PI+SIDIS
24818,LD2,8.5831,0.25,3.3,0.5,8.5,1.531,29.045,3.632,14.375,PI+SIDIS
24819,LD2,8.5831,0.25,3.3,0.5,8.5,1.531,29.045,3.632,14.375,PI+SIDIS
24820,LD2,8.5831,0.25,3.3,0.5,8.5,1.531,29.045,3.632,14.375,PI+SIDIS
24821,LH2,8.5831,0.25,3.3,0.5,8.5,1.531,29.045,3.632,14.375,PI+SIDIS
24822,LH2,8.5831,0.25,3.3,0.5,8.5,1.531,29.045,3.632,14.375,PI+SIDIS
24823,LH2,8.5831,0.25,3.3,0.5,8.5,1.531,29.045,3.632,14.375,PI+SIDIS
24824,Cu,8.5831,0.25,3.3,0.5,8.5,1.531,29.045,3.632,14.375,PI+SIDIS
24825,Cu,8.5831,0.25,3.3,0.5,8.5,1.531,29.045,3.632,14.375,PI+SIDIS
24826,Cu,8.5831,0.25,3.3,0.5,8.5,1.531,29.045,3.632,14.375,PI+SIDIS
24827,Cu,8.5831,0.25,3.3,0.5,8.5,1.531,29.045,3.632,14.375,PI+SIDIS
24828,Cu,8.5831,0.25,3.3,0.5,8.5,1.531,29.045,3.632,14.375,PI+SIDIS
24829,LH2,8.5831,0.25,3.3,0.5,8.5,1.531,29.045,-3.632,14.375,PI-SIDIS
24830,LH2,8.5831,0.25,3.3,0.5,8.5,1.531,29.045,-3.632,14.375,PI-SIDIS
24831,LH2,8.5831,0.25,3.3,0.5,8.5,1.531,29.045,-3.632,14.375,PI-SIDIS
24832,LH2,8.5831,0.25,3.3,0.5,8.5,1.531,29.045,-3.632,14.375,PI-SIDIS
24861,LH2,8.5831,0.25,3.3,0.5,5.2,1.531,29.045,-3.632,11.075,PI-SIDIS
24862,LH2,8.5831,0.25,3.3,0.5,5.2,1.531,29.045,-3.632,11.075,PI-SIDIS
24863,LH2,8.5831,0.25,3.3,0.5,5.2,1.531,29.045,-3.632,11.075,PI-SIDIS
24864,LH2,8.5831,0.25,3.3,0.5,5.2,1.531,29.045,-3.632,11.075,PI-SIDIS
24865,LH2,8.5831,0.25,3.3,0.5,5.2,1.531,29.045,3.632,11.075,PI+SIDIS
24866,LH2,8.5831,0.25,3.3,0.5,5.2,1.531,29.045,3.632,11.075,PI+SIDIS
24867,LH2,8.5831,0.25,3.3,0.5,5.2,1.531,29.045,3.632,11.075,PI+SIDIS
24868,Cu,8.5831,0.25,3.3,0.5,5.2,1.531,29.045,3.632,11.075,PI+SIDIS
24870,Cu,8.5831,0.25,3.3,0.5,5.2,1.531,29.045,3.632,11.075,PI+SIDIS
24871,Cu,8.5831,0.25,3.3,0.5,5.2,1.531,29.045,3.632,11.075,PI+SIDIS
24872,Cu,8.5831,0.25,3.3,0.5,5.2,1.531,29.045,3.632,11.075,PI+SIDIS
24873,Cu,8.5831,0.25,3.3,0.5,5.2,1.531,29.045,3.632,11.075,PI+SIDIS
24874,Cu,8.5831,0.25,3.3,0.5,5.2,1.531,29.045,3.632,11.075,PI+SIDIS
25455,LH2,10.6716,0.25,3.3,0.5,2.0,3.642,16.75,-3.632,10.31,PI-SIDIS
25457,LH2,10.6716,0.25,3.3,0.5,2.0,3.642,16.75,-3.632,10.31,PI-SIDIS
25459,Cu,10.6716,0.25,3.3,0.5,2.0,3.642,16.75,-3.632,10.31,PI-SIDIS
25462,LH2,10.6716,0.25,3.3,0.5,5.2,3.642,16.75,-3.632,13.515,PI-SIDIS
25463,LH2,10.6716,0.25,3.3,0.5,8.5,3.642,16.75,-3.632,16.81,PI-SIDIS
25464,LH2,10.6716,0.25,3.3,0.5,8.5,3.642,16.75,3.632,16.81,PI+SIDIS
25467,LH2,10.6716,0.25,3.3,0.5,2.0,3.642,16.75,3.632,10.315,PI+SIDIS
25468,Cu,10.6716,0.25,3.3,0.5,2.0,3.642,16.75,3.632,10.315,PI+SIDIS
25469,Cu,10.6716,0.25,3.3,0.36,2.0,3.642,16.75,2.615,10.315,PI+SIDIS
25474,LH2,10.6716,0.25,3.3,0.36,2.0,3.642,16.75,2.615,10.315,PI+SIDIS
