target,ebeam,x,Q2,z,thpq,run_type
C,8.5831,0.25,3.3,0.36,2.0,PI+SIDIS
Cu,8.5831,0.25,3.3,0.36,2.0,PI+SIDIS
LD2,8.5831,0.25,3.3,0.36,2.0,PI+SIDIS
LH2,8.5831,0.25,3.3,0.36,2.0,PI+SIDIS
Al,8.5831,0.25,3.3,0.5,2.0,PI+SIDIS
C,8.5831,0.25,3.3,0.5,2.0,PI+SIDIS
C,8.5831,0.25,3.3,0.5,5.2,PI+SIDIS
Cu,8.5831,0.25,3.3,0.5,2.0,PI+SIDIS
Cu,8.5831,0.25,3.3,0.5,5.2,PI+SIDIS
Cu,8.5831,0.25,3.3,0.5,8.5,PI+SIDIS
LD2,8.5831,0.25,3.3,0.5,2.0,PI+SIDIS
LD2,8.5831,0.25,3.3,0.5,5.2,PI+SIDIS
LD2,8.5831,0.25,3.3,0.5,8.5,PI+SIDIS
LH2,8.5831,0.25,3.3,0.5,2.0,PI+SIDIS
LH2,8.5831,0.25,3.3,0.5,5.2,PI+SIDIS
LH2,8.5831,0.25,3.3,0.5,8.5,PI+SIDIS
C,8.5831,0.25,3.3,0.67,2.0,PI+SIDIS
Cu,8.5831,0.25,3.3,0.67,2.0,PI+SIDIS
LD2,8.5831,0.25,3.3,0.67,2.0,PI+SIDIS
LH2,8.5831,0.25,3.3,0.67,2.0,PI+SIDIS
C,8.5831,0.25,3.3,0.9,2.0,PI+SIDIS
Cu,8.5831,0.25,3.3,0.9,2.0,PI+SIDIS
LD2,8.5831,0.25,3.3,0.9,2.0,PI+SIDIS
LH2,8.5831,0.25,3.3,0.9,2.0,PI+SIDIS
