run,ebeam,target,hms_p,hms_th,shms_p,shms_th,run_type,x,Q2,z,thpq,BCM1_Q,BCM1_I,BCM2_Q,BCM2_I,BCM4A_Q,BCM4A_I,BCM4B_Q,BCM4B_I,BCM4C_Q,BCM4C_I,h_esing_Eff,h_hadron_Eff,p_esing_Eff,p_hadron_Eff,ps1,ps2,ps3,ps4,ps5,ps6,comp_livetime,electr_deadtime,coin,randoms,ransubcoin,normyield,normyield_err,ctmean,ctsigma,boil_corr,h_EL_CLEAN,p_EL_CLEAN,run_number,IHWP
28187,10.676,LH2,-5.343,15.97,2.978,12.87,PI+SIDIS,0.44,4.4,0.52,-2.0,84.733,49.836,84.316,49.591,74.519,43.829,255.29,150.15,116.75,68.668,0.9992,0.748,0.9811,0.9801,-1.0,-1.0,-1.0,-1.0,-1.0,1.0,0.99968,-999.0,24336.0,7140.0,17196.0,208.322,1.93553,51.2232,0.424884,1.0,7.097,39.032,28187.0,OUT
28188,10.676,LH2,-5.343,15.97,2.978,12.87,PI+SIDIS,0.44,4.4,0.52,-2.0,92.298,50.766,91.897,50.546,81.515,44.835,276.96,152.33,127.69,70.237,0.9992,0.7525,0.9807,0.9796,-1.0,-1.0,-1.0,-1.0,-1.0,1.0,0.99972,-999.0,26708.0,7813.5,18894.5,210.114,1.86114,51.2107,0.413262,1.0,7.224,39.832,28188.0,OUT
28189,10.676,LH2,-5.343,15.97,2.978,12.87,PI+SIDIS,0.44,4.4,0.52,-2.0,87.232,48.991,86.879,48.793,76.744,43.101,264.63,148.62,119.93,67.355,0.9993,0.7523,0.9817,0.9796,-1.0,-1.0,-1.0,-1.0,-1.0,1.0,0.9997,-999.0,25104.0,7271.33,17832.7,209.743,1.908,51.2526,0.411897,1.0,6.975,38.378,28189.0,OUT
28190,10.676,LH2,-5.343,15.97,2.978,12.87,PI+SIDIS,0.44,4.4,0.52,-2.0,92.271,50.178,91.808,49.926,80.876,43.981,277.97,151.16,126.56,68.827,0.9993,0.7401,0.98,0.9797,-1.0,-1.0,-1.0,-1.0,-1.0,1.0,0.99968,-999.0,26667.0,7812.67,18854.3,209.837,1.86128,51.2628,0.402989,1.0,7.142,39.089,28190.0,OUT
28191,10.676,Dummy,-5.343,15.97,2.978,12.87,PI+SIDIS,0.44,4.4,0.52,-2.0,89.578,49.172,89.093,48.906,78.766,43.237,271.0,148.76,123.35,67.715,0.9994,0.7858,0.9866,0.9829,-1.0,-1.0,-1.0,-1.0,-1.0,1.0,0.99998,-999.0,4996.0,725.167,4270.83,48.8011,0.81737,51.2775,0.395996,1.0,2.389,9.694,28191.0,OUT
28192,10.676,Dummy,-5.343,15.97,2.978,12.87,PI+SIDIS,0.44,4.4,0.52,-2.0,61.991,48.593,61.688,48.355,54.622,42.816,187.74,147.17,85.51,67.029,0.9993,0.8137,0.9876,0.9836,-1.0,-1.0,-1.0,-1.0,-1.0,1.0,0.99996,-999.0,3462.0,474.333,2987.67,49.2759,0.981451,51.2854,0.403619,1.0,2.358,9.616,28192.0,OUT
28193,10.676,C,-5.343,15.97,2.978,12.87,PI+SIDIS,0.44,4.4,0.52,-2.0,65.055,40.239,64.733,40.039,57.226,35.396,240.34,148.66,89.597,55.419,0.9994,0.8451,0.9811,0.9794,-1.0,-1.0,-1.0,-1.0,-1.0,1.0,0.99972,-999.0,16630.0,5424.33,11205.7,176.903,2.09044,51.2256,0.425089,1.0,6.4,34.639,28193.0,OUT
28194,10.676,C,-5.343,15.97,2.978,12.87,PI+SIDIS,0.44,4.4,0.52,-2.0,67.885,39.939,67.563,39.749,59.764,35.161,250.95,147.64,93.525,55.024,0.9993,0.8473,0.9813,0.9789,-1.0,-1.0,-1.0,-1.0,-1.0,1.0,0.99971,-999.0,17428.0,5600.17,11827.8,179.014,2.05086,51.227,0.413551,1.0,6.353,34.307,28194.0,OUT
28195,10.676,C,-5.343,15.97,2.978,12.87,PI+SIDIS,0.44,4.4,0.52,-2.0,77.045,41.173,76.619,40.945,67.79,36.227,283.39,151.44,106.12,56.711,0.9993,0.8487,0.9815,0.9789,-1.0,-1.0,-1.0,-1.0,-1.0,1.0,0.99976,-999.0,20100.0,6399.0,13701.0,182.847,1.9416,51.2239,0.410028,1.0,6.55,35.384,28195.0,OUT
28196,10.676,Cu,-5.343,15.97,2.978,12.87,PI+SIDIS,0.44,4.4,0.52,-2.0,70.422,40.841,69.982,40.586,61.969,35.939,258.92,150.16,96.974,56.24,0.9993,0.8854,0.9802,0.9772,-1.0,-1.0,-1.0,-1.0,-1.0,1.0,0.99979,-999.0,10450.0,4120.5,6329.5,92.6391,1.54456,51.2125,0.42023,1.0,4.916,33.198,28196.0,OUT
28197,10.676,Cu,-5.343,15.97,2.978,12.87,PI+SIDIS,0.44,4.4,0.52,-2.0,70.95,39.786,70.548,39.561,62.456,35.023,262.75,147.34,97.749,54.814,0.9993,0.8976,0.9832,0.9774,-1.0,-1.0,-1.0,-1.0,-1.0,1.0,0.9998,-999.0,10595.0,4054.33,6540.67,94.9415,1.54103,51.217,0.414061,1.0,4.783,32.312,28197.0,OUT
28198,10.676,Cu,-5.343,15.97,2.978,12.87,PI+SIDIS,0.44,4.4,0.52,-2.0,75.529,41.422,75.135,41.206,66.5,36.47,277.74,152.32,104.08,57.08,0.9993,0.8919,0.9806,0.9771,-1.0,-1.0,-1.0,-1.0,-1.0,1.0,0.99978,-999.0,11274.0,4393.17,6880.83,93.8118,1.49389,51.2204,0.417429,1.0,4.986,33.715,28198.0,OUT
28199,10.676,LD2,-5.343,15.97,2.978,12.87,PI+SIDIS,0.44,4.4,0.52,-2.0,42.934,25.414,42.726,25.291,37.753,22.347,201.69,119.38,59.051,34.954,0.9992,0.8075,0.9828,0.9792,-1.0,-1.0,-1.0,-1.0,-1.0,1.0,0.99972,-999.0,20246.0,6443.67,13802.3,330.263,3.49382,51.2272,0.407027,1.0,6.459,39.585,28199.0,OUT
28200,10.676,LD2,-5.343,15.97,2.978,12.87,PI+SIDIS,0.44,4.4,0.52,-2.0,46.984,25.736,46.701,25.58,41.278,22.61,220.54,120.8,64.569,35.368,0.9993,0.8035,0.9794,0.9798,-1.0,-1.0,-1.0,-1.0,-1.0,1.0,0.9997,-999.0,21862.0,7114.83,14747.2,322.612,3.32114,51.2202,0.412032,1.0,6.54,39.991,28200.0,OUT
28201,10.676,LD2,-5.343,15.97,2.978,12.87,PI+SIDIS,0.44,4.4,0.52,-2.0,46.604,25.862,46.313,25.701,40.944,22.722,218.73,121.38,64.043,35.54,0.9994,0.8105,0.9822,0.9796,-1.0,-1.0,-1.0,-1.0,-1.0,1.0,0.9997,-999.0,22067.0,7059.33,15007.7,331.095,3.36349,51.2199,0.417249,1.0,6.572,40.147,28201.0,OUT
28202,10.676,LD2,-5.343,15.97,2.978,12.87,PI+SIDIS,0.44,4.4,0.52,-2.0,44.742,25.8,44.491,25.655,39.331,22.679,210.14,121.17,61.517,35.473,0.9993,0.814,0.9806,0.9792,-1.0,-1.0,-1.0,-1.0,-1.0,1.0,0.99971,-999.0,20933.0,6779.0,14154.0,325.213,3.41287,51.2219,0.418179,1.0,6.554,40.083,28202.0,OUT
28203,10.676,LD2,-5.343,15.97,2.978,12.87,PI+SIDIS,0.44,4.4,0.52,-2.0,42.635,25.482,42.42,25.353,37.496,22.41,200.34,119.73,58.657,35.058,0.9993,0.8068,0.9815,0.9792,-1.0,-1.0,-1.0,-1.0,-1.0,1.0,0.9997,-999.0,19887.0,6394.83,13492.2,325.144,3.48831,51.2232,0.402069,1.0,6.474,39.649,28203.0,OUT
28204,10.676,LD2,-5.343,15.97,2.978,12.87,PI+SIDIS,0.44,4.4,0.52,-2.0,28.291,24.457,28.158,24.342,24.895,21.521,133.0,114.98,38.934,33.658,0.9993,0.8125,0.9803,0.9799,-1.0,-1.0,-1.0,-1.0,-1.0,1.0,0.99972,-999.0,13361.0,4232.67,9128.33,331.158,4.30265,51.2145,0.409455,1.0,6.219,38.11,28204.0,OUT
28205,10.676,LD2,-5.343,15.97,2.978,12.87,PI+SIDIS,0.44,4.4,0.52,-2.0,59.703,25.9,59.343,25.744,52.479,22.766,280.41,121.64,82.087,35.611,0.9994,0.8195,0.9818,0.9801,-1.0,-1.0,-1.0,-1.0,-1.0,1.0,0.99972,-999.0,28434.0,8946.5,19487.5,335.349,2.97687,51.2116,0.41997,1.0,6.586,40.314,28205.0,OUT
28206,10.676,Dummy,-5.343,15.97,2.978,12.87,PI+SIDIS,0.44,4.4,0.52,-2.0,91.159,49.782,90.682,49.522,80.199,43.797,272.3,148.7,125.28,68.415,0.9994,0.8003,0.9847,0.9824,-1.0,-1.0,-1.0,-1.0,-1.0,1.0,0.99995,-999.0,5021.0,718.167,4302.83,48.3314,0.805352,51.2904,0.389513,1.0,2.418,9.882,28206.0,OUT
28207,10.676,C,-5.343,15.97,2.978,12.87,PI+SIDIS,0.44,4.4,0.52,-2.0,72.801,40.465,72.43,40.258,63.672,35.39,272.68,151.56,99.684,55.407,0.9993,0.8517,0.9821,0.9797,-1.0,-1.0,-1.0,-1.0,-1.0,1.0,0.99974,-999.0,18488.0,5944.5,12543.5,176.939,1.96873,51.2513,0.403887,1.0,6.435,34.793,28207.0,OUT
28208,10.676,Cu,-5.343,15.97,2.978,12.87,PI+SIDIS,0.44,4.4,0.52,-2.0,63.89,39.695,63.559,39.489,56.021,34.806,240.01,149.12,87.71,54.495,0.9993,0.8924,0.9811,0.9787,-1.0,-1.0,-1.0,-1.0,-1.0,1.0,0.9998,-999.0,9513.0,3666.17,5846.83,94.0776,1.61898,51.2307,0.411512,1.0,4.779,32.377,28208.0,OUT
28209,10.676,Cu,-5.343,15.97,2.978,12.87,PI+SIDIS,0.44,4.4,0.52,-2.0,94.321,40.084,93.713,39.825,82.805,35.19,353.42,150.19,129.64,55.096,0.9993,0.8899,0.9811,0.9781,-1.0,-1.0,-1.0,-1.0,-1.0,1.0,0.99982,-999.0,13974.0,5378.5,8595.5,93.8577,1.33156,51.2186,0.412866,1.0,4.831,32.649,28209.0,OUT
28210,10.676,LH2,-5.343,15.97,2.978,12.87,PI+SIDIS,0.44,4.4,0.52,-2.0,82.02,49.42,81.6,49.166,72.437,43.645,248.14,149.51,113.38,68.321,0.9993,0.7436,0.9813,0.9796,-1.0,-1.0,-1.0,-1.0,-1.0,1.0,0.99968,-999.0,23450.0,6851.5,16598.5,207.86,1.96381,51.2032,0.415542,1.0,7.034,38.937,28210.0,OUT
28211,10.676,LH2,-5.343,15.97,2.978,12.87,PI+SIDIS,0.44,4.4,0.52,-2.0,45.964,39.846,45.714,39.629,40.389,35.012,172.4,149.45,63.133,54.729,0.9994,0.7579,0.9833,0.9811,-1.0,-1.0,-1.0,-1.0,-1.0,1.0,0.9998,-999.0,12787.0,3090.83,9696.17,216.364,2.57363,51.2435,0.40372,1.0,5.667,30.736,28211.0,OUT
28212,10.676,LH2,-5.343,15.97,2.978,12.87,PI+SIDIS,0.44,4.4,0.52,-2.0,46.805,30.185,46.567,30.032,40.833,26.334,218.1,140.65,63.736,41.104,0.9995,0.7461,0.9817,0.982,-1.0,-1.0,-1.0,-1.0,-1.0,1.0,0.99987,-999.0,12146.0,2449.5,9696.5,212.176,2.45176,51.2926,0.384294,1.0,4.301,22.782,28212.0,OUT
28213,10.676,LH2,-5.343,15.97,2.978,12.87,PI+SIDIS,0.44,4.4,0.52,-2.0,29.23,20.218,29.101,20.129,25.462,17.612,136.1,94.144,39.82,27.543,0.9996,0.7081,0.9851,0.9834,-1.0,-1.0,-1.0,-1.0,-1.0,1.0,0.99995,-999.0,7168.0,1030.83,6137.17,214.549,2.99502,51.3087,0.37796,1.0,2.891,14.923,28213.0,IN
28214,10.676,LH2,-5.343,15.97,2.978,12.87,PI+SIDIS,0.44,4.4,0.52,-2.0,20.526,10.189,20.471,10.162,17.967,8.919,96.185,47.746,28.124,13.961,0.9993,0.7557,0.9883,0.9844,-1.0,-1.0,-1.0,-1.0,-1.0,1.0,0.99999,-999.0,4733.0,379.5,4353.5,216.191,3.43913,51.2819,0.380918,1.0,1.47,7.362,28214.0,IN
28215,10.676,LH2,-5.343,15.97,2.978,12.87,PI+SIDIS,0.44,4.4,0.52,-2.0,54.679,49.448,54.372,49.171,48.171,43.563,165.18,149.38,75.436,68.219,0.9994,0.7572,0.9796,0.979,-1.0,-1.0,-1.0,-1.0,-1.0,1.0,0.99968,-999.0,15678.0,4545.0,11133.0,209.341,2.41065,51.2044,0.411968,1.0,7.04,38.988,28215.0,IN
28216,10.676,LH2,-5.343,15.97,2.978,12.87,PI+SIDIS,0.44,4.4,0.52,-2.0,50.288,40.365,49.984,40.121,44.243,35.513,188.19,151.05,69.272,55.603,0.9994,0.737,0.9836,0.9803,-1.0,-1.0,-1.0,-1.0,-1.0,1.0,0.99982,-999.0,13689.0,3452.83,10236.2,209.066,2.43935,51.2161,0.400403,1.0,5.742,31.224,28216.0,IN
28217,10.676,LH2,-5.343,15.97,2.978,12.87,PI+SIDIS,0.44,4.4,0.52,-2.0,42.65,29.907,42.417,29.744,37.423,26.242,199.9,140.18,58.494,41.018,0.9994,0.7412,0.9851,0.9822,-1.0,-1.0,-1.0,-1.0,-1.0,1.0,0.9999,-999.0,11121.0,2178.5,8942.5,214.794,2.57402,51.2632,0.389027,1.0,4.262,22.653,28217.0,IN
28218,10.676,LH2,-5.343,15.97,2.978,12.87,PI+SIDIS,0.44,4.4,0.52,-2.0,31.034,20.376,30.892,20.283,27.067,17.771,144.6,94.942,42.244,27.736,0.9994,0.7504,0.9835,0.9839,-1.0,-1.0,-1.0,-1.0,-1.0,1.0,0.99994,-999.0,7527.0,1068.67,6458.33,212.623,2.88988,51.2999,0.385428,1.0,2.913,15.058,28218.0,IN
28219,10.676,LH2,-5.343,15.97,2.978,12.87,PI+SIDIS,0.44,4.4,0.52,-2.0,18.329,10.157,18.305,10.144,16.001,8.867,85.627,47.451,25.018,13.864,0.9995,0.749,0.9871,0.983,-1.0,-1.0,-1.0,-1.0,-1.0,1.0,0.99998,-999.0,4189.0,310.0,3879.0,215.687,3.62094,51.2996,0.389247,1.0,1.464,7.321,28219.0,IN
28220,10.676,LH2,-5.343,15.97,2.978,14.87,PI+SIDIS,0.44,4.4,0.52,0.0,106.05,65.808,105.7,65.594,93.486,58.011,235.91,146.39,140.6,87.248,0.9993,0.7455,0.9828,0.9801,-1.0,-1.0,-1.0,-1.0,-1.0,1.0,0.99961,-999.0,29259.0,6518.83,22740.2,219.733,1.68325,51.2199,0.408891,1.0,9.336,25.984,28220.0,IN
28221,10.676,LH2,-5.343,15.97,2.978,14.87,PI+SIDIS,0.44,4.4,0.52,0.0,123.35,69.632,122.94,69.403,108.86,61.455,266.95,150.69,163.32,92.199,0.9993,0.7398,0.9831,0.9801,-1.0,-1.0,-1.0,-1.0,-1.0,1.0,0.99962,-999.0,33818.0,7644.67,26173.3,217.441,1.55628,51.2303,0.40467,1.0,9.879,27.463,28221.0,IN
28222,10.676,LH2,-5.343,15.97,2.978,14.87,PI+SIDIS,0.44,4.4,0.52,0.0,121.04,70.343,120.73,70.159,106.22,61.729,260.59,151.43,160.21,93.104,0.9992,0.7532,0.9815,0.979,-1.0,-1.0,-1.0,-1.0,-1.0,1.0,0.99963,-999.0,33350.0,7497.83,25852.2,218.979,1.57558,51.2692,0.398549,1.0,9.977,27.625,28222.0,IN
28223,10.676,LH2,-5.343,15.97,2.978,14.87,PI+SIDIS,0.44,4.4,0.52,0.0,120.89,69.461,120.62,69.309,105.96,60.887,261.8,150.42,160.06,91.969,0.9992,0.8557,0.9709,0.969,-1.0,-1.0,-1.0,-1.0,1.0,-1.0,0.99941,-999.0,33048.0,7611.0,25437.0,217.924,1.58705,51.268,0.390084,1.0,9.857,27.254,28223.0,IN
28224,10.676,LH2,-5.343,15.97,2.978,14.87,HMSDIS,0.44,4.4,0.52,0.0,52140.258,67.279,52033.402,67.141,45871.275,59.19,114724.0,148.0,69211.353,89.3,0.9992,0.7568,-999.0,-999.0,-1.0,-1.0,-1.0,5.0,-1.0,-1.0,0.99911,96.3644,0.44,4.4,0.52,2.0,-999.0,-999.0,-999.0,1.0,9.548,26.4,28224.0,IN
28225,10.676,LH2,-5.343,15.97,2.978,14.87,HMSDIS,0.44,4.4,0.52,0.0,55595.929,67.429,55485.41,67.295,49035.054,59.47,122392.79,148.4,73897.858,89.62,0.9992,0.866,-999.0,-999.0,-1.0,-1.0,9.0,-1.0,-1.0,-1.0,0.99953,96.3747,0.44,4.4,0.52,2.0,-999.0,-999.0,-999.0,1.0,9.557,26.5,28225.0,IN
28226,10.676,Dummy,-5.343,15.97,2.978,14.87,PI+SIDIS,0.44,4.4,0.52,0.0,88.928,50.374,88.492,50.127,78.504,44.469,267.35,151.44,122.86,69.596,0.9994,0.7816,0.9902,0.9835,-1.0,-1.0,-1.0,-1.0,-1.0,1.0,0.99993,-999.0,4972.0,391.333,4580.67,52.6675,0.816036,51.263,0.385013,1.0,2.449,-999.0,28226.0,IN
28227,10.676,Dummy,-5.343,15.97,2.978,14.87,PI+SIDIS,0.44,4.4,0.52,0.0,72.994,48.238,72.589,47.97,63.985,42.284,222.35,146.94,99.936,66.042,0.9993,0.7935,0.9894,0.9825,-1.0,-1.0,-1.0,-1.0,-1.0,1.0,0.99996,-999.0,4075.0,308.333,3766.67,52.8538,0.901373,51.3062,0.368365,1.0,2.346,-999.0,28227.0,IN
28228,10.676,Dummy,-5.343,15.97,2.978,14.87,PI+SIDIS,0.44,4.4,0.52,0.0,85.649,49.915,85.201,49.654,74.905,43.654,258.28,150.52,117.14,68.272,0.9994,0.7789,0.9863,0.9835,-1.0,-1.0,-1.0,-1.0,-1.0,1.0,0.99998,-999.0,4653.0,367.333,4285.67,51.1762,0.819889,51.3067,0.381791,1.0,2.424,-999.0,28228.0,IN
28229,10.676,Dummy,-5.343,15.97,2.978,14.87,HMSDIS,0.44,4.4,0.52,0.0,44567.74,49.893,44347.97,49.647,39132.102,43.8,134705.41,150.8,61293.305,68.61,0.9994,0.8341,-999.0,-999.0,-1.0,-1.0,-1.0,5.0,-1.0,-1.0,0.99998,99.1723,0.44,4.4,0.52,2.0,-999.0,-999.0,-999.0,1.0,2.416,5.158,28229.0,IN
28230,10.676,C,-5.343,15.97,2.978,14.87,PI+SIDIS,0.44,4.4,0.52,0.0,86.452,49.489,86.043,49.255,76.213,43.628,261.65,149.78,119.36,68.331,0.9993,0.8423,0.9849,0.9801,-1.0,-1.0,-1.0,-1.0,-1.0,1.0,0.99972,-999.0,20242.0,4823.33,15418.7,183.015,1.72196,51.2336,0.403736,1.0,7.887,21.95,28230.0,IN
28231,10.676,C,-5.343,15.97,2.978,14.87,PI+SIDIS,0.44,4.4,0.52,0.0,73.546,50.72,73.213,50.49,64.913,44.766,220.77,152.25,101.58,70.057,0.9993,0.8405,0.9832,0.98,-1.0,-1.0,-1.0,-1.0,-1.0,1.0,0.99978,-999.0,17223.0,4158.5,13064.5,182.255,1.86727,51.2438,0.401645,1.0,8.076,22.476,28231.0,IN
28232,10.676,C,-5.343,15.97,2.978,14.87,HMSDIS,0.44,4.4,0.52,0.0,43390.875,49.794,43173.915,49.545,37938.313,43.53,131050.24,150.3,59270.277,68.01,0.9992,0.8482,-999.0,-999.0,-1.0,-1.0,-1.0,5.0,-1.0,-1.0,0.99922,96.7882,0.44,4.4,0.52,2.0,-999.0,-999.0,-999.0,1.0,7.94,22.0,28232.0,IN
28233,10.676,Cu,-5.343,15.97,2.978,14.87,PI+SIDIS,0.44,4.4,0.52,0.0,106.82,64.81,106.44,64.576,93.836,56.927,243.02,147.43,145.23,88.108,0.9991,0.8928,0.982,0.9747,-1.0,-1.0,-1.0,-1.0,-1.0,1.0,0.9996,-999.0,15777.0,5676.17,10100.8,97.4836,1.24805,51.2291,0.412888,1.0,7.819,28.473,28233.0,IN
28234,10.676,Cu,-5.343,15.97,2.978,14.87,PI+SIDIS,0.44,4.4,0.52,0.0,109.07,64.989,108.72,64.78,96.171,57.3,248.05,147.79,148.53,88.497,0.9992,0.897,0.9793,0.9748,-1.0,-1.0,-1.0,-1.0,-1.0,1.0,0.99963,-999.0,16078.0,5798.0,10280.0,97.108,1.23325,51.217,0.409195,1.0,7.84,28.568,28234.0,IN
28235,10.676,Cu,-5.343,15.97,2.978,14.87,PI+SIDIS,0.44,4.4,0.52,0.0,90.301,64.835,90.045,64.651,79.735,57.249,207.49,148.97,122.97,88.294,0.9992,0.8937,0.9822,0.9744,-1.0,-1.0,-1.0,-1.0,-1.0,1.0,0.99959,-999.0,13106.0,4808.17,8297.83,94.6882,1.34572,51.21,0.414504,1.0,7.815,28.492,28235.0,IN
28236,10.676,Cu,-5.343,15.97,2.978,14.87,HMSDIS,0.44,4.4,0.52,0.0,57580.882,64.262,57438.336,64.103,50883.587,56.78,131458.94,146.7,78429.776,87.53,0.9991,0.8957,-999.0,-999.0,-1.0,-1.0,-1.0,5.0,-1.0,-1.0,0.99918,96.4804,0.44,4.4,0.52,2.0,-999.0,-999.0,-999.0,1.0,7.747,17.1,28236.0,IN
28237,10.676,Cu,-5.343,15.97,2.978,14.87,PI+SIDIS,0.44,4.4,0.52,0.0,42.775,65.791,42.67,65.63,37.8,58.139,97.216,149.52,58.302,89.672,0.9991,0.8933,0.9804,0.9747,-1.0,-1.0,-1.0,-1.0,-1.0,1.0,0.99963,-999.0,6237.0,2306.67,3930.33,94.6212,1.959,51.2149,0.414663,1.0,7.933,28.981,28237.0,IN
28239,10.676,Al,-5.343,15.97,2.978,14.87,HMSDIS,0.44,4.4,0.52,0.0,60370.775,49.717,60103.929,49.497,53273.48,43.87,182656.98,150.4,83383.132,68.66,0.9994,0.8284,-999.0,-999.0,-1.0,-1.0,-1.0,5.0,-1.0,-1.0,1.0,99.1918,0.44,4.4,0.52,2.0,-999.0,-999.0,-999.0,1.0,2.591,4.95,28239.0,IN
28240,10.676,LD2,-5.343,15.97,2.978,14.87,PI+SIDIS,0.44,4.4,0.52,0.0,72.13,41.659,71.701,41.412,63.428,36.634,257.79,148.89,99.25,57.323,0.9992,0.8136,0.9802,0.9771,-1.0,-1.0,-1.0,-1.0,-1.0,1.0,0.99948,-999.0,33073.0,9317.33,23755.7,339.529,2.65956,51.2305,0.408235,1.0,10.57,32.755,28240.0,IN
28241,10.676,LD2,-5.343,15.97,2.978,14.87,PI+SIDIS,0.44,4.4,0.52,0.0,64.169,40.629,63.758,40.368,56.405,35.713,231.16,146.36,88.239,55.869,0.9992,0.825,0.9797,0.9768,-1.0,-1.0,-1.0,-1.0,-1.0,1.0,0.99947,-999.0,29273.0,8201.83,21071.2,338.787,2.81438,51.2378,0.412024,1.0,10.31,31.814,28241.0,IN
28242,10.676,LD2,-5.343,15.97,2.978,14.87,PI+SIDIS,0.44,4.4,0.52,0.0,77.731,43.304,77.275,43.05,68.328,38.066,273.45,152.33,106.89,59.553,0.9992,0.8178,0.9809,0.977,-1.0,-1.0,-1.0,-1.0,-1.0,1.0,0.99949,-999.0,36403.0,10163.2,26239.8,348.014,2.58869,51.2385,0.405156,1.0,10.98,34.007,28242.0,IN
28243,10.676,LD2,-5.343,15.97,2.978,14.87,PI+SIDIS,0.44,4.4,0.52,0.0,75.078,42.869,74.675,42.639,66.0,37.686,263.57,150.5,103.24,58.955,0.9992,0.8219,0.9782,0.9767,-1.0,-1.0,-1.0,-1.0,-1.0,1.0,0.99946,-999.0,34475.0,9801.5,24673.5,338.748,2.60887,51.2392,0.408595,1.0,10.87,33.671,28243.0,IN
28244,10.676,LD2,-5.343,15.97,2.978,14.87,HMSDIS,0.44,4.4,0.52,0.0,49154.465,42.427,48900.041,42.208,43200.631,37.28,172895.38,149.2,67568.135,58.32,0.9992,0.8209,-999.0,-999.0,-1.0,-1.0,-1.0,5.0,-1.0,-1.0,1.0,95.7125,0.44,4.4,0.52,2.0,-999.0,-999.0,-999.0,1.0,-999.0,30.6,28244.0,IN
28245,10.676,LD2,-5.343,15.97,2.978,16.87,PI+SIDIS,0.44,4.4,0.52,2.0,71.009,43.538,70.649,43.317,62.383,38.249,248.46,152.33,97.585,59.832,0.9991,0.8066,0.9849,0.9792,-1.0,-1.0,-1.0,-1.0,-1.0,1.0,0.99971,-999.0,27417.0,4854.67,22562.3,326.531,2.43145,51.2708,0.401877,1.0,11.04,16.056,28245.0,IN
28246,10.676,LD2,-5.343,15.97,2.978,16.87,PI+SIDIS,0.44,4.4,0.52,2.0,120.85,69.003,120.5,68.801,106.46,60.783,265.29,151.46,160.24,91.493,0.999,0.817,0.9805,0.9762,-1.0,-1.0,-1.0,-1.0,-1.0,1.0,0.99906,-999.0,51486.0,12986.3,38499.7,327.91,1.9728,51.2434,0.416377,1.0,17.48,26.621,28246.0,IN
28247,10.676,LD2,-5.343,15.97,2.978,16.87,HMSDIS,0.44,4.4,0.52,2.0,48079.987,65.548,47907.266,65.312,42319.785,57.69,106099.29,144.6,62984.054,85.86,0.999,0.822,-999.0,-999.0,-1.0,-1.0,-1.0,5.0,-1.0,-1.0,1.0,95.7523,0.44,4.4,0.52,2.0,-999.0,-999.0,-999.0,1.0,-999.0,25.2,28247.0,IN
28248,10.676,Dummy,-5.343,15.97,2.978,16.87,PI+SIDIS,0.44,4.4,0.52,2.0,80.864,48.292,80.414,48.023,71.183,42.51,244.23,145.86,111.35,66.501,0.9992,0.7881,0.988,0.9812,-1.0,-1.0,-1.0,-1.0,-1.0,1.0,0.99994,-999.0,4142.0,188.5,3953.5,50.1495,0.819466,51.3054,0.413263,1.0,2.347,-999.0,28248.0,IN
28249,10.676,Dummy,-5.343,15.97,2.978,16.87,PI+SIDIS,0.44,4.4,0.52,2.0,84.024,49.974,83.607,49.726,74.016,44.021,250.71,149.11,115.8,68.874,0.9995,0.7867,0.9877,0.9806,-1.0,-1.0,-1.0,-1.0,-1.0,1.0,1.0,-999.0,4162.0,192.333,3969.67,48.4436,0.790314,51.3075,0.413241,1.0,2.425,-999.0,28249.0,IN
28250,10.676,Dummy,-5.343,15.97,2.978,16.87,PI+SIDIS,0.44,4.4,0.52,2.0,89.707,50.544,89.294,50.311,79.065,44.547,267.0,150.43,123.7,69.699,0.9995,0.7815,0.9742,0.9822,-1.0,-1.0,-1.0,-1.0,-1.0,1.0,0.99999,-999.0,4550.0,206.333,4343.67,49.5514,0.772397,51.2865,0.382677,1.0,2.452,-999.0,28250.0,IN
28252,10.676,C,-5.343,15.97,2.978,16.87,PI+SIDIS,0.44,4.4,0.52,2.0,81.043,49.199,80.66,48.967,71.46,43.382,243.54,147.84,111.8,67.871,0.9992,0.8454,0.9857,0.9811,-1.0,-1.0,-1.0,-1.0,-1.0,1.0,0.99983,-999.0,16314.0,2377.67,13936.3,176.279,1.6351,51.2743,0.439644,1.0,7.845,10.817,28252.0,IN
28253,10.676,C,-5.343,15.97,2.978,16.87,PI+SIDIS,0.44,4.4,0.52,2.0,87.43,49.402,86.924,49.116,77.044,43.533,264.55,149.48,120.54,68.111,0.9992,0.8313,0.9878,0.9824,-1.0,-1.0,-1.0,-1.0,-1.0,1.0,0.99985,-999.0,17736.0,2572.33,15163.7,177.741,1.57979,51.2889,0.493907,1.0,7.877,10.818,28253.0,IN
28254,10.676,C,-5.343,15.97,2.978,16.87,HMSDIS,0.44,4.4,0.52,2.0,16056.029,50.756,15963.307,50.463,14152.856,44.74,48190.155,152.3,22145.254,70.0,0.9992,0.859,-999.0,-999.0,-1.0,-1.0,-1.0,3.0,-1.0,-1.0,0.99866,98.0469,0.44,4.4,0.52,2.0,-999.0,-999.0,-999.0,1.0,7.281,11.11,28254.0,IN
28255,10.676,C,-5.343,15.97,2.978,16.87,HMSDIS,0.44,4.4,0.52,2.0,42260.927,48.863,42038.451,48.606,37266.748,43.08,128347.35,148.3,58309.869,67.42,0.9993,0.8511,-999.0,-999.0,-1.0,-1.0,-1.0,3.0,-1.0,-1.0,0.99866,98.0661,0.44,4.4,0.52,2.0,-999.0,-999.0,-999.0,1.0,7.795,10.7,28255.0,IN
28256,10.676,Cu,-5.343,15.97,2.978,16.87,PI+SIDIS,0.44,4.4,0.52,2.0,109.47,66.547,109.19,66.375,96.658,58.756,243.12,147.78,145.29,88.323,0.9992,0.8893,0.9825,0.9783,-1.0,-1.0,-1.0,-1.0,-1.0,1.0,0.99976,-999.0,13250.0,3306.33,9943.67,93.1827,1.10089,51.259,0.44793,1.0,8.02,14.998,28256.0,IN
28257,10.676,Cu,-5.343,15.97,2.978,16.87,PI+SIDIS,0.44,4.4,0.52,2.0,101.12,64.131,100.88,63.98,89.28,56.62,228.55,144.94,134.33,85.192,0.9992,0.89,0.9824,0.9786,-1.0,-1.0,-1.0,-1.0,-1.0,1.0,0.99978,-999.0,12357.0,3000.67,9356.33,94.8659,1.14968,51.2537,0.42828,1.0,7.726,14.394,28257.0,IN
28258,10.676,Cu,-5.343,15.97,2.978,16.87,PI+SIDIS,0.44,4.4,0.52,2.0,95.047,62.171,94.785,61.999,83.906,54.884,218.57,142.96,126.62,82.828,0.9991,0.8873,0.9841,0.9791,-1.0,-1.0,-1.0,-1.0,-1.0,1.0,0.99976,-999.0,11686.0,2804.17,8881.83,95.8149,1.18926,51.2508,0.442489,1.0,7.492,13.939,28258.0,IN
28259,10.676,Cu,-5.343,15.97,2.978,16.87,HMSDIS,0.44,4.4,0.52,2.0,61995.479,69.591,61780.629,69.349,54730.789,61.43,134247.34,150.6,82134.317,92.19,0.9992,0.8922,-999.0,-999.0,-1.0,-1.0,-1.0,3.0,-1.0,-1.0,0.99843,97.0916,0.44,4.4,0.52,2.0,-999.0,-999.0,-999.0,1.0,8.391,15.6,28259.0,IN
28260,10.676,LH2,-5.343,15.97,2.978,16.87,PI+SIDIS,0.44,4.4,0.52,2.0,95.317,57.632,94.869,57.362,84.308,50.976,244.1,147.59,131.88,79.745,0.9992,0.7311,0.9866,0.9826,-1.0,-1.0,-1.0,-1.0,-1.0,1.0,0.99983,-999.0,22738.0,2613.0,20125.0,216.101,1.63462,51.2612,0.403079,1.0,8.204,10.785,28260.0,IN
28261,10.676,LH2,-5.343,15.97,2.978,16.87,PI+SIDIS,0.44,4.4,0.52,2.0,91.204,57.939,90.825,57.698,80.55,51.171,233.24,148.17,125.89,79.978,0.9991,0.7274,0.986,0.9819,-1.0,-1.0,-1.0,-1.0,-1.0,1.0,0.99981,-999.0,21507.0,2508.83,18998.2,213.262,1.66216,51.2754,0.400455,1.0,8.251,10.845,28261.0,IN
28262,10.676,LH2,-5.343,15.97,2.978,16.87,PI+SIDIS,0.44,4.4,0.52,2.0,104.98,59.537,104.59,59.317,92.146,52.258,265.4,150.51,143.88,81.6,0.9993,0.746,0.9851,0.9824,-1.0,-1.0,-1.0,-1.0,-1.0,1.0,0.99984,-999.0,25110.0,2946.5,22163.5,215.885,1.55852,51.3166,0.397068,1.0,8.475,11.097,28262.0,IN
28263,10.676,LH2,-5.343,15.97,2.978,16.87,PI+SIDIS,0.44,4.4,0.52,2.0,114.15,60.279,113.76,60.073,100.18,52.904,287.15,151.63,156.73,82.766,0.9992,0.7417,0.986,0.9824,-1.0,-1.0,-1.0,-1.0,-1.0,1.0,0.9998,-999.0,26887.0,3133.17,23753.8,212.758,1.48286,51.3037,0.413219,1.0,8.578,11.237,28263.0,IN
28264,10.676,LH2,-5.343,15.97,2.978,16.87,PI+SIDIS,0.44,4.4,0.52,2.0,105.96,58.98,105.55,58.75,93.418,51.995,268.88,149.65,146.29,81.422,0.9993,0.8573,0.9785,0.9768,-1.0,-1.0,-1.0,-1.0,1.0,-1.0,0.99973,-999.0,25247.0,2916.83,22330.2,216.785,1.55734,51.2773,0.464042,1.0,8.396,11.046,28264.0,IN
28265,10.676,LH2,-5.343,15.97,2.978,16.87,HMSDIS,0.44,4.4,0.52,2.0,44457.134,58.048,44245.075,57.771,39268.07,51.27,113534.05,148.2,61475.215,80.26,0.9993,0.7511,-999.0,-999.0,-1.0,-1.0,-1.0,1.0,-1.0,-1.0,0.63116,98.1807,0.44,4.4,0.52,2.0,-999.0,-999.0,-999.0,1.0,8.263,10.87,28265.0,IN
28266,10.676,LH2,-5.343,15.97,2.978,16.87,HMSDIS,0.44,4.4,0.52,2.0,59961.681,55.862,59681.982,55.602,53005.847,49.38,155696.86,145.0,82908.879,77.24,0.9992,0.8635,-999.0,-999.0,-1.0,-1.0,5.0,-1.0,-1.0,-1.0,0.99927,98.2044,0.44,4.4,0.52,2.0,-999.0,-999.0,-999.0,1.0,7.961,10.4,28266.0,IN
28267,10.676,LD2,-5.343,15.97,2.978,16.87,PI+SIDIS,0.44,4.4,0.52,2.0,115.19,68.481,114.88,68.295,101.03,60.066,251.54,149.54,152.88,90.885,0.999,0.8077,0.9802,0.978,-1.0,-1.0,-1.0,-1.0,-1.0,1.0,0.9991,-999.0,48688.0,12605.2,36082.8,321.763,2.00965,51.2984,0.495772,1.0,17.36,26.523,28267.0,IN
28459,10.676,C,-5.343,15.97,2.978,12.865,PI+SIDIS,0.44,4.4,0.52,-2.0,67.178,39.081,66.811,38.868,58.947,34.293,253.65,147.56,92.101,53.581,0.9993,0.8369,0.9821,0.9792,-1.0,-1.0,-1.0,-1.0,-1.0,1.0,0.99976,-999.0,16300.0,5348.83,10951.2,167.552,2.00607,51.2092,0.398434,1.0,6.219,33.558,28459.0,OUT
28460,10.676,C,-5.343,15.97,2.978,14.865,PI+SIDIS,0.44,4.4,0.52,0.0,92.314,50.638,91.893,50.407,81.338,44.617,277.71,152.33,127.09,69.717,0.9993,0.8426,0.9857,0.9801,-1.0,-1.0,-1.0,-1.0,-1.0,1.0,0.99971,-999.0,21333.0,5057.33,16275.7,180.89,1.65507,51.2179,0.396475,1.0,8.078,22.218,28460.0,OUT
28461,10.676,C,-5.343,15.97,2.978,14.865,PI+SIDIS,0.44,4.4,0.52,0.0,87.508,49.822,87.021,49.545,77.083,43.886,264.53,150.6,120.44,68.576,0.9993,0.8459,0.9844,0.98,-1.0,-1.0,-1.0,-1.0,-1.0,1.0,0.99972,-999.0,20089.0,4780.33,15308.7,179.685,1.69629,51.2133,0.399619,1.0,7.944,21.802,28461.0,OUT
28462,10.676,C,-5.343,15.97,2.978,14.865,PI+SIDIS,0.44,4.4,0.52,0.0,94.652,50.614,94.121,50.33,83.392,44.593,284.87,152.33,130.28,69.669,0.9993,0.8402,0.9842,0.9801,-1.0,-1.0,-1.0,-1.0,-1.0,1.0,0.99976,-999.0,21763.0,5175.67,16587.3,179.982,1.63212,51.2152,0.394735,1.0,8.071,22.14,28462.0,OUT
28463,10.676,C,-5.343,15.97,2.978,16.87,PI+SIDIS,0.44,4.4,0.52,2.0,84.418,49.352,83.995,49.105,73.878,43.19,255.91,149.61,115.19,67.344,0.9994,0.8327,0.9878,0.9818,-1.0,-1.0,-1.0,-1.0,-1.0,1.0,0.99984,-999.0,16926.0,2475.83,14450.2,175.359,1.59795,51.286,0.370834,1.0,7.869,10.604,28463.0,OUT
28464,10.676,C,-5.343,15.97,2.978,16.87,PI+SIDIS,0.44,4.4,0.52,2.0,74.163,47.68,73.818,47.459,64.834,41.683,227.27,146.11,101.3,65.132,0.9992,0.8336,0.9856,0.9817,-1.0,-1.0,-1.0,-1.0,-1.0,1.0,0.99985,-999.0,14693.0,2126.0,12567.0,173.582,1.69435,51.2824,0.380739,1.0,7.603,10.247,28464.0,OUT
28465,10.676,C,-5.343,15.97,2.978,16.87,PI+SIDIS,0.44,4.4,0.52,2.0,111.61,48.584,111.08,48.355,97.991,42.655,339.99,147.99,153.23,66.704,0.9992,0.8427,0.9879,0.982,-1.0,-1.0,-1.0,-1.0,-1.0,1.0,0.99982,-999.0,22321.0,3221.67,19099.3,175.258,1.38732,51.2449,0.381767,1.0,7.747,10.479,28465.0,OUT
28466,10.676,C,-5.343,15.97,2.978,16.87,PI+SIDIS,0.44,4.4,0.52,2.0,56.984,49.44,56.658,49.156,50.11,43.475,172.6,149.75,78.354,67.98,0.9992,0.8267,0.9862,0.9812,-1.0,-1.0,-1.0,-1.0,-1.0,1.0,0.99983,-999.0,11167.0,1635.5,9531.5,171.619,1.92579,51.2267,0.378106,1.0,7.886,10.683,28466.0,OUT
28467,10.676,C,-5.343,15.97,2.978,16.87,PI+SIDIS,0.44,4.4,0.52,2.0,71.434,50.211,71.029,49.926,62.898,44.211,215.23,151.28,98.335,69.12,0.9993,0.8427,0.9865,0.9821,-1.0,-1.0,-1.0,-1.0,-1.0,1.0,0.99981,-999.0,14292.0,2063.5,12228.5,175.456,1.73582,51.2242,0.391555,1.0,8.004,10.843,28467.0,OUT
28468,10.676,C,-5.343,15.97,2.978,14.87,PI+SIDIS,0.44,4.4,0.52,0.0,86.37,49.252,85.957,49.016,75.526,43.068,261.91,149.35,117.76,67.151,0.9992,0.8414,0.9844,0.979,-1.0,-1.0,-1.0,-1.0,-1.0,1.0,0.99972,-999.0,19472.0,4666.17,14805.8,176.132,1.69284,51.2741,0.377377,1.0,7.859,21.499,28468.0,OUT
28469,10.676,C,-5.343,15.97,2.978,14.87,PI+SIDIS,0.44,4.4,0.52,0.0,83.331,48.775,82.946,48.549,72.94,42.693,254.07,148.71,114.02,66.742,0.9992,0.8481,0.984,0.9791,-1.0,-1.0,-1.0,-1.0,-1.0,1.0,0.99977,-999.0,18895.0,4495.5,14399.5,177.489,1.72759,51.2573,0.377737,1.0,7.777,21.231,28469.0,OUT
28470,10.676,C,-5.343,15.97,2.978,12.87,PI+SIDIS,0.44,4.4,0.52,-2.0,72.912,42.0,72.465,41.743,63.761,36.729,261.0,150.35,99.65,57.403,0.9993,0.8342,0.9815,0.9772,-1.0,-1.0,-1.0,-1.0,-1.0,1.0,0.9997,-999.0,17944.0,6129.83,11814.2,167.003,1.94673,51.2288,0.394041,1.0,6.691,36.059,28470.0,OUT
28471,10.676,C,-5.343,15.97,2.978,12.87,PI+SIDIS,0.44,4.4,0.52,-2.0,71.938,41.421,71.469,41.151,62.9,36.217,257.7,148.38,98.282,56.59,0.9992,0.8481,0.9819,0.9774,-1.0,-1.0,-1.0,-1.0,-1.0,1.0,0.99973,-999.0,17836.0,5980.33,11855.7,169.903,1.96668,51.2229,0.394697,1.0,6.598,35.436,28471.0,OUT